,ASIN,Names,total_reviews,overall_rating,game_price,game_size,developed_by,developer_email,release_year,amazon_listed_date,language_supported,Ai_Review,Ai_tags,product_description,product_features,minimum_operating,application_permission,reviews_url
0,B0CWFPHWKB,Queen Build - Story Race,10,3.5,Free Download,,Slyuni,main.slyuni@gmail.com,2024,"February 28, 2024",English,,,"Step into the glamorous world of Queen Build - Story Race, where running meets high-stakes fashion battles. Your objective is to navigate the podium, dodge obstacles, and choose the perfect outfit to outshine your opponent. But that's not all – delve into a storyline where you can develop relationships and personalize your space with interior items and adorable pets.

How to Play:

Run the Podium: Dash along the podium, overcoming obstacles and showcasing your style prowess.

Fashion Battles: Engage in epic fashion battles with another player. Choose the most suitable outfit to triumph.

Relationship Development: Explore a captivating storyline where you can develop relationships with your beloved character.

House Decoration: Enhance your living space by purchasing various interior items. Design a stylish and personalized home.

Pet Companions: Acquire adorable pets to accompany you on your fashion adventures. Each pet adds a unique flair to your style journey.

In Queen Build - Story Race, the podium is your runway, and fashion battles await. Run, style, and conquer in this unique blend of racing and fashion competition!","- Fashion Showdown: Run, style, and compete in thrilling fashion battles on the podium.
- Storyline Development: Immerse yourself in a captivating storyline, developing relationships with intriguing characters.
- House Customization: Decorate and personalize your home with a wide range of interior items.
- Pet Collection: Unlock and collect charming pets to join you on your fashion escapades.
- Outfit Choices: Select from a diverse wardrobe of outfits to create your signature style.",,,https://www.amazon.com/Slyuni-Lab-Queen-Build-Story/product-reviews/B0CWFPHWKB/ref=cm_cr_arp_d_paging_btm_next_1?ie=UTF8&reviewerType=all_reviews&pageNumber=1
1,B0CTHGTRMB,Eating Hero: Twerk Master,5,3.4,Free Download,,Slyuni,main.slyuni@gmail.com,2024,"March 5, 2024",English,,,"Indulge in the culinary and rhythmic delights of ""Eating Hero: Twerk Master,"" where gastronomic feats meet dance-floor prowess. Embark on a delicious journey, devouring delectable treats while mastering the art of twerking in this unique and entertaining adventure.","- Unique Combination: Experience a one-of-a-kind fusion of eating and dancing gameplay elements.
- Delicious Food Items: Indulge in a wide array of scrumptious dishes from around the world.
- Social Competition: Compete against friends and players worldwide to climb the twerking leaderboard.
- Customization Options: Personalize your character with funky outfits and accessories to enhance your twerking style.",,,https://www.amazon.com/Slyuni-Lab-Eating-Hero-Master/product-reviews/B0CTHGTRMB/ref=cm_cr_arp_d_paging_btm_next_1?ie=UTF8&reviewerType=all_reviews&pageNumber=1
2,B088WMMQGM,Snake.io - Fun Snake .io Games,"2,984",4.2,Free Download,Varies,Kooapps,support@kooapps.com,2020,"May 20, 2020",,"Customers like the graphics and connectivity of the mobile application. They mention that it has really cute skins and outfits. They also appreciate that it can be played online without internet. However, some customers find the game to be boring and frustrating. They say the usability is annoying, upsetting, and tiring. Customers also complain about the ads.","Fun, Connectivity, Graphics, Skins, Lag, Ads, Complexity, Usability","Slither through a new competitive version of Snake and survive as long as you can! Challenge your friends and try to be the biggest snake in Snake.io!

Classic arcade Snake.io gets an upgrade for unique online live events play. Slither to the top of the leaderboard in this popular mobile version of the beloved arcade game! Snake.io combines new trendy art with the oldest classic snake game mechanics.

Start Snake.io as a small snake or worm and try to get bigger by eating your way through each level. Rush your way through fields of food and try to beat other players’ scores - how long can you survive?

Classic arcade games meet online leaderboard competition in this new, addicting free game! Join millions of players and play Snake.io now!

Snake.io is designed for a smooth, fast performance, with controls designed for every mobile device. Snake has never been this fun or competitive before! Play without wifi for free or newest online mode with live events.

Best Snake.io Features

Snake Classic Games
- Slither through a field of food and eat to make your snake grow
- A fun io game version of Snake
- Play old school Snakeio and try to beat your high score

Multiplayer Games for Free
- Online leaderboard – see if your snake can beat the rest!
- Challenge your friends to beat your high score
- Double player mode – sit next to your friend and compete
- Watch Snake Games from our fans and join the online community

Free Addictive Game
- Play games with fast performance on any device
- .io game with smooth gameplay and mobile joystick controls
- Snake.io is free, or you can remove ads!
- Watch online games on YouTube and learn moves from top streamers

Live Ops Events
- Battle against other snakes, worms and the boss snake ayo
- Compete high scores with friends on the leaderboard
- Fun new events every month with unique skins

No Wifi Games
- Offline io games require no internet connection. Play Snake.io whether you’re offline or online! Offline is no wifi needed.

Play Snake games with a new io twist! Download Snake today!

Your reviews are important for the Snake io team!

Read/write storage permissions is used for Snake.io screenshots and cache user save files. Record audio permission is used for recording YouTube video for sharing.
Privacy: https://kooapps.com/privacypolicy.php","· Multiplayer Gameplay: Engage in thrilling multiplayer battles where you compete against players worldwide in real-time. Enjoy the challenge of becoming the longest snake on the leaderboard.
· Variety of Skins: Personalize your snake with a wide range of skins and designs. Unlock new skins as you progress or choose from a variety of options available to unlock and for purchase.
· Live Events: Stay engaged with the game's evolving content and participate in limited-time events for exclusive skins reward.
· Social Connectivity: Connect with friends and challenge them in private matches. Share your achievements and high scores on social media platforms with the global community.
· Ad-Free Experience (Optional): Enjoy an ad-free experience or opt for an ad-supported version with the ability to earn in-game rewards by watching optional advertisements.
· Different Game Modes: Enjoy diverse game modes, participate in both ranked and unranked arena with other players competing for leaderboard's number one spot.
· Device Compatibility: Play Snake.io across various devices with seamless synchronization of progress and achievements, allowing you to continue the fun on your preferred device.",Android,Access,https://www.amazon.com/Kooapps-Snake-io-Fun-Online-Games/product-reviews/B088WMMQGM/ref=cm_cr_arp_d_paging_btm_next_1?ie=UTF8&reviewerType=all_reviews&pageNumber=1
3,B0CW18RZXR,Mobile Rush: Tech Evolution,1,5,Free Download,,Slyuni,main.slyuni@gmail.com,2024,"February 27, 2024",English,,,"Embark on a thrilling tech journey in Mobile Rush: Tech Evolution, where you take on the role of a sentient smartphone racing across dynamic platforms. Your mission is to collect various applications and navigate through obstacles to evolve your digital companion. Immerse yourself in a fast-paced adventure that combines speed, strategy, and the evolution of technology.

How to Play:

Run and Collect: Navigate your smartphone through the platform, running and collecting diverse applications scattered along the way.

Overcome Obstacles: Encounter obstacles that challenge your reflexes and decision-making skills. Use collected apps strategically to overcome hurdles.

Evolution Points: Accumulate evolution points by successfully navigating obstacles and collecting apps. The more you evolve, the more features and abilities your smartphone gains.

Upgrade Apps: Utilize evolution points to upgrade and unlock new applications. Each app provides unique advantages in overcoming specific challenges.

Dynamic Levels: Explore a variety of dynamic levels, each presenting new obstacles and opportunities for evolution. Adapt your strategy to conquer different environments.

Compete Globally: Compete with players worldwide to achieve the highest scores. Showcase your skills in navigating the digital landscape and evolving your smartphone.

Strategic Choices: Make strategic decisions on the fly. Choose the right apps for the right obstacles to maximize your smartphone's evolution.

In Mobile Rush: Tech Evolution, the race is not just about speed but about the evolution of your digital companion. Run, collect, evolve, and compete globally in this high-tech adventure!","- Strategic Depth: Make strategic choices in real-time, adapting to obstacles and maximizing your smartphone's potential.
- Dynamic Levels: Explore various levels with changing landscapes, each presenting unique challenges.
- Global Competition: Compete on a global scale and climb the leaderboard as you evolve your smartphone.
- Upgradeable Apps: Improve and unlock new applications to tailor your strategy to different challenges.
- Evolutionary Progress: Gain evolution points to upgrade your smartphone and unlock new features.",,,https://www.amazon.com/Slyuni-Lab-Mobile-Rush-Evolution/product-reviews/B0CW18RZXR/ref=cm_cr_arp_d_paging_btm_next_1?ie=UTF8&reviewerType=all_reviews&pageNumber=1
4,B00NUF4YOA,Roblox,"198,010",4.1,Free Download,128.6MB,Roblox,info@roblox.com,2014,"October 16, 2014",English,"Customers like the variety of games in the mobile application. They say it has many different genres and games to play. They also find the game really fun and exciting. However, some complain about the playability and glitches.","Entertainment value, Variety of games, Quality, Frame rate, Performance, Glitchy, Playability","Roblox is the ultimate virtual universe that lets you create, share experiences with friends, and be anything you can imagine. Join millions of people and discover an infinite variety of immersive experiences created by a global community!

Already have an account? Log in with your existing Roblox account and explore the infinite metaverse of Roblox.

MILLIONS OF EXPERIENCES

In the mood for an epic adventure? Want to compete against rivals worldwide? Or do you just want to hang out and chat with your friends online? A growing library of experiences created by the community means there’s always something new and exciting for you every day.

EXPLORE TOGETHER ANYTIME, ANYWHERE

Take the fun on the go. Roblox features full cross-platform support, meaning you can join your friends and millions of other people on their computers, mobile devices, Xbox One, or VR headsets.

BE ANYTHING YOU CAN IMAGINE

Be creative and show off your unique style! Customize your avatar with tons of hats, shirts, faces, gear, and more. With an ever-expanding catalog of items, there’s no limit to the looks you can create.

CHAT WITH FRIENDS

Hang out with friends around the world using chat features, private messages, and groups!

CREATE YOUR OWN EXPERIENCES: https://www.roblox.com/develop
SUPPORT: https://en.help.roblox.com/hc/en-us
CONTACT: https://corp.roblox.com/contact/
PRIVACY POLICY: https://www.roblox.com/info/privacy
PARENT’S GUIDE: https://corp.roblox.com/parents/
TERMS OF USE: https://en.help.roblox.com/hc/en-us/articles/115004647846

PLEASE NOTE: A network connection is required to join. Roblox works best over Wi-Fi.","MILLIONS OF WORLDS TO EXPLORE
EXPLORE TOGETHER ANYTIME, ANYWHERE
BE ANYTHING YOU CAN IMAGINE
CHAT WITH FRIENDS
CREATE YOUR OWN EXPERIENCES",Android,Access,https://www.amazon.com/Roblox-Corporation/product-reviews/B00NUF4YOA/ref=cm_cr_arp_d_paging_btm_next_1?ie=UTF8&reviewerType=all_reviews&pageNumber=1
